4GL|ACNER|1
4WD|ACNER|1
5D|ACNER|1
6D|ACNER|1
7D|ACNER|1
8D|ACNER|1
9D|ACNER|1
A|ACNER|1
A1C|ACNER|1
A4|ACNER|1
A10|ACNER|1
aa|ACNER|1
aA|ACNER|1
AA|ACNER|1
AAA|ACNER|1
AAAI|ACNER|1
AAAS|ACNER|1
AAAV|ACNER|1
AAC|ACNER|1
AAD|ACNER|1
AADD|ACNER|1
AADT|ACNER|1
AADAC|ACNER|1
AADC|ACNER|1
AAFC|ACNER|1
AAFES|ACNER|1
AAI|ACNER|1
AAIS|ACNER|1
AAM|ACNER|1
AAMOF|ACNER|1
AAN|ACNER|1
AANEAS|ACNER|1
AAODL|ACNER|1
AAP|ACNER|1
AAPC|ACNER|1
aar|ACNER|1
AAR|ACNER|1
AARP|ACNER|1
AAS|ACNER|1
AASPEM|ACNER|1
AAT|ACNER|1
AAV|ACNER|1
AAWC|ACNER|1
ab|ACNER|1
AB|ACNER|1
ABA|ACNER|1
ABB|ACNER|1
ABBA|ACNER|1
ABC|ACNER|1
ABCA|ACNER|1
ABCS|ACNER|1
ABET|ACNER|1
ABFIST|ACNER|1
ABGI|ACNER|1
ABIN|ACNER|1
abk|ACNER|1
ABL|ACNER|1
ABLE|ACNER|1
ABM|ACNER|1
ABMC|ACNER|1
ABN|ACNER|1
ABPI|ACNER|1
ABRSM|ACNER|1
ABS|ACNER|1
ABSA|ACNER|1
ABSTRIPS|ACNER|1
ABV|ACNER|1
ABW|ACNER|1
aC|ACNER|1
Ac|ACNER|1
AC|ACNER|1
AC1|ACNER|1
AC2|ACNER|1
ACA|ACNER|1
ACARS|ACNER|1
ACAS|ACNER|1
ACB|ACNER|1
ACC|ACNER|1
ACCA|ACNER|1
ACCAC|ACNER|1
ACCD|ACNER|1
ACCS|ACNER|1
ACDA|ACNER|1
ACDC|ACNER|1
ACDT|ACNER|1
ACE|ACNER|1
ACES|ACNER|1
ACF|ACNER|1
ACHT|ACNER|1
ACID|ACNER|1
ACINT|ACNER|1
ACK|ACNER|1
ACL|ACNER|1
ACLJ|ACNER|1
ACLOS|ACNER|1
ACLS|ACNER|1
ACLU|ACNER|1
ACM|ACNER|1
ACMC|ACNER|1
ACN|ACNER|1
ACNA|ACNER|1
ACO|ACNER|1
ACOBA|ACNER|1
ACOG|ACNER|1
ACOM|ACNER|1
ACORN|ACNER|1
ACP|ACNER|1
ACR|ACNER|1
ACRI|ACNER|1
ACRT|ACNER|1
ACS|ACNER|1
ACSC|ACNER|1
ACST|ACNER|1
ACST|ACNER|1
ACT|ACNER|1
ACTD|ACNER|1
ACTF|ACNER|1
ACTU|ACNER|1
ACU|ACNER|1
ACUF|ACNER|1
ACV|ACNER|1
AD|ACNER|1
ADA|ACNER|1
ADAC|ACNER|1
ADAGE|ACNER|1
ADAP|ACNER|1
ADAS|ACNER|1
ADAT|ACNER|1
ADatP|ACNER|1
ADATS|ACNER|1
ADB|ACNER|1
ADC|ACNER|1
ADCTS|ACNER|1
ADD|ACNER|1
ADDIE|ACNER|1
ADDNS|ACNER|1
ADF|ACNER|1
ADGB|ACNER|1
ADHD|ACNER|1
ADHS|ACNER|1
ADI|ACNER|1
ADIZ|ACNER|1
ADL|ACNER|1
ADM|ACNER|1
ADOA|ACNER|1
ADP|ACNER|1
ADRG|ACNER|1
ADS|ACNER|1
ADSR|ACNER|1
ADT|ACNER|1
ADTB|ACNER|1
ADW|ACNER|1
ae|ACNER|1
AE|ACNER|1
AED|ACNER|1
AEDT|ACNER|1
AEF|ACNER|1
AEGIS|ACNER|1
AESR|ACNER|1
AEST|ACNER|1
aet|ACNER|1
AEW|ACNER|1
af|ACNER|1
aF|ACNER|1
AF|ACNER|1
AFA|ACNER|1
AFAIC|ACNER|1
AFAICT|ACNER|1
AFAIK|ACNER|1
AFAIR|ACNER|1
AFAM|ACNER|1
AFATDS|ACNER|1
AFC|ACNER|1
AFCEA|ACNER|1
AFDB|ACNER|1
AFES|ACNER|1
AFG|ACNER|1
AFI|ACNER|1
AFIS|ACNER|1
AFIST|ACNER|1
AFJ|ACNER|1
AFK|ACNER|1
AFL|ACNER|1
AFLAC|ACNER|1
AFM|ACNER|1
AFN|ACNER|1
AFO|ACNER|1
AFOSR|ACNER|1
AFP|ACNER|1
AFQT|ACNER|1
afr|ACNER|1
AFRC|ACNER|1
AFRL|ACNER|1
AFROTC|ACNER|1
AFRRI|ACNER|1
AFRTS|ACNER|1
AFS|ACNER|1
AFSC|ACNER|1
AFSCN|ACNER|1
AFSPC|ACNER|1
AFT|ACNER|1
AFV|ACNER|1
AFWA|ACNER|1
ag|ACNER|1
Ag|ACNER|1
AG|ACNER|1
AGA|ACNER|1
AGARD|ACNER|1
AGARDograph|ACNER|1
AGASA|ACNER|1
AGB|ACNER|1
AGC|ACNER|1
AGC|ACNER|1
AGDC|ACNER|1
AGI|ACNER|1
AGL|ACNER|1
AGM|ACNER|1
AGN|ACNER|1
AGO|ACNER|1
AGP|ACNER|1
AGRICOLA|ACNER|1
AGS|ACNER|1
AGTS|ACNER|1
AGU|ACNER|1
AGW|ACNER|1
aH|ACNER|1
Ah|ACNER|1
AH|ACNER|1
AHA|ACNER|1
AHCPR|ACNER|1
AHEC|ACNER|1
AHPCRC|ACNER|1
AHQ|ACNER|1
AHRQ|ACNER|1
AHS|ACNER|1
AI|ACNER|1
AIA|ACNER|1
AIAA|ACNER|1
AIC|ACNER|1
AICD|ACNER|1
AICMFP|ACNER|1
AID|ACNER|1
AIDS|ACNER|1
AIM|ACNER|1
AIMP|ACNER|1
AIPAC|ACNER|1
AIR|ACNER|1
AIRFA|ACNER|1
AIRS|ACNER|1
AIS|ACNER|1
AISB|ACNER|1
aJ|ACNER|1
AJ|ACNER|1
Ajax|ACNER|1
AJD|ACNER|1
AJP|ACNER|1
AJPW|ACNER|1
ak|ACNER|1
aK|ACNER|1
AK|ACNER|1
aka|ACNER|1
AKA|ACNER|1
AKDT|ACNER|1
AKST|ACNER|1
AKP|ACNER|1
aL|ACNER|1
Al|ACNER|1
AL|ACNER|1
ALA|ACNER|1
ALAP|ACNER|1
ALARM|ACNER|1
ALB|ACNER|1
ALD|ACNER|1
ALERT|ACNER|1
ALF|ACNER|1
ALG|ACNER|1
ALGOL|ACNER|1
ALL|ACNER|1
ALOA|ACNER|1
ALOC|ACNER|1
ALPA|ACNER|1
ALS|ACNER|1
ALSHS|ACNER|1
ALSP|ACNER|1
ALTE|ACNER|1
ALTACS|ACNER|1
am|ACNER|1
Am|ACNER|1
AM|ACNER|1
AM1|ACNER|1
AMA|ACNER|1
AMAPS|ACNER|1
AMC|ACNER|1
AMCB|ACNER|1
AMD|ACNER|1
AMF|ACNER|1
AMFOM|ACNER|1
AMFR|ACNER|1
AMFRS|ACNER|1
amh|ACNER|1
AML|ACNER|1
AMLCD|ACNER|1
AMLO|ACNER|1
AMO|ACNER|1
AMOLED|ACNER|1
AMOS|ACNER|1
AMP|ACNER|1
AMRAAM|ACNER|1
AMRDEC|ACNER|1
AMS|ACNER|1
AMSAA|ACNER|1
AMSO|ACNER|1
AMSU|ACNER|1
AMTE|ACNER|1
an|ACNER|1
aN|ACNER|1
AN|ACNER|1
ANA|ACNER|1
ANC|ACNER|1
AND|ACNER|1
ANFO|ACNER|1
ANG|ACNER|1
ANGLiCo|ACNER|1
ANL|ACNER|1
ANM|ACNER|1
ANOVA|ACNER|1
ANS|ACNER|1
ANSI|ACNER|1
ANTM|ACNER|1
ANT|ACNER|1
ANTY|ACNER|1
ANWR|ACNER|1
ANZ|ACNER|1
ANZAC|ACNER|1
AO|ACNER|1
AOA|ACNER|1
AOC|ACNER|1
AOD|ACNER|1
AOI|ACNER|1
AOL|ACNER|1
AOR|ACNER|1
AOSTH|ACNER|1
AOTS|ACNER|1
AOU|ACNER|1
AP|ACNER|1
APA|ACNER|1
APB|ACNER|1
APC|ACNER|1
APEC|ACNER|1
APCNR|ACNER|1
APCR|ACNER|1
APDS|ACNER|1
APEDS|ACNER|1
APEX|ACNER|1
APFSDS|ACNER|1
APHA|ACNER|1
APHE|ACNER|1
APHIS|ACNER|1
API|ACNER|1
APL|ACNER|1
APM|ACNER|1
APOD|ACNER|1
APOE|ACNER|1
APOLLO|ACNER|1
APP|ACNER|1
APR|ACNER|1
APS|ACNER|1
AQ|ACNER|1
AQIM|ACNER|1
ar|ACNER|1
Ar|ACNER|1
AR|ACNER|1
ara|ACNER|1
ARAG|ACNER|1
ARB|ACNER|1
ARBA|ACNER|1
ARC|ACNER|1
ARCA|ACNER|1
ARCENT|ACNER|1
ARDA|ACNER|1
ARE|ACNER|1
ARF|ACNER|1
arg|ACNER|1
ARG|ACNER|1
ARH|ACNER|1
ARI|ACNER|1
ARL|ACNER|1
ARM|ACNER|1
ARNet|ACNER|1
ARP|ACNER|1
ARPA|ACNER|1
ARRC|ACNER|1
ARRF|ACNER|1
ARRL|ACNER|1
ARS|ACNER|1
ARSC|ACNER|1
ARSPACE|ACNER|1
ART|ACNER|1
ARTCC|ACNER|1
ARWG|ACNER|1
as|ACNER|1
aS|ACNER|1
As|ACNER|1
AS|ACNER|1
AS|ACNER|1
ASA|ACNER|1
ASAP|ACNER|1
ASARS|ACNER|1
ASB|ACNER|1
asbl|ACNER|1
ASBO|ACNER|1
ASCAP|ACNER|1
ASCC|ACNER|1
ASCIET|ACNER|1
ASCII|ACNER|1
ASD|ACNER|1
ASDIC|ACNER|1
ASEAN|ACNER|1
ASFAR|ACNER|1
ASG|ACNER|1
ASIC|ACNER|1
ASICS|ACNER|1
ASIO|ACNER|1
ASIP|ACNER|1
ASL|ACNER|1
DDR|ACNER|1
DDS|ACNER|1
DDT|ACNER|1
de|ACNER|1
DE|ACNER|1
DEA|ACNER|1
DEA|ACNER|1
DEC|ACNER|1
DeCA|ACNER|1
DECSIM|ACNER|1
DECT|ACNER|1
DEFCON|ACNER|1
DEFRA|ACNER|1
DELT|ACNER|1
DEM|ACNER|1
DEN|ACNER|1
DEPSECDEF|ACNER|1
DERA|ACNER|1
DES|ACNER|1
deu|ACNER|1
DEU|ACNER|1
DF|ACNER|1
DFAD|ACNER|1
DFAS|ACNER|1
DFB|ACNER|1
DFCB|ACNER|1
DfID|ACNER|1
DFL|ACNER|1
DFM|ACNER|1
DFM|ACNER|1
DFSP|ACNER|1
DfT|ACNER|1
DFTBA|ACNER|1
DG|ACNER|1
DGA|ACNER|1
DGPS|ACNER|1
DGZ|ACNER|1
DH|ACNER|1
DHA|ACNER|1
DHHS|ACNER|1
DHL|ACNER|1
DHRA|ACNER|1
DHS|ACNER|1
DHSS|ACNER|1
DHTFYSS|ACNER|1
DHY|ACNER|1
DIA|ACNER|1
DIAC|ACNER|1
DiC|ACNER|1
DICASS|ACNER|1
DILLIGAD|ACNER|1
DILLIGAF|ACNER|1
DIF|ACNER|1
DIFAR|ACNER|1
DIME|ACNER|1
DIMM|ACNER|1
DIN|ACNER|1
DINA|ACNER|1
DINKY|ACNER|1
DIP|ACNER|1
DIPS|ACNER|1
DIR|ACNER|1
DIS|ACNER|1
DISA|ACNER|1
DISCOM|ACNER|1
DISE|ACNER|1
DISSTAF|ACNER|1
DITY|ACNER|1
div|ACNER|1
DIVAD|ACNER|1
DIY|ACNER|1
DJ|ACNER|1
DJD|ACNER|1
DJF|ACNER|1
DJI|ACNER|1
DJS|ACNER|1
DK|ACNER|1
DKK|ACNER|1
DL|ACNER|1
DLA|ACNER|1
DLIC|ACNER|1
DLIR|ACNER|1
DLL|ACNER|1
DLPMC|ACNER|1
DLR|ACNER|1
DLRP|ACNER|1
DLS|ACNER|1
DLSA|ACNER|1
DLSc|ACNER|1
DLSC|ACNER|1
DLTBGYD|ACNER|1
DM|ACNER|1
DMA|ACNER|1
DMC|ACNER|1
DMCA|ACNER|1
DMD|ACNER|1
DMI|ACNER|1
DMM|ACNER|1
DMOC|ACNER|1
DMOS|ACNER|1
DMPA|ACNER|1
DMPFC|ACNER|1
DMPK|ACNER|1
DMRB|ACNER|1
DMS|ACNER|1
DMSO|ACNER|1
DMSP|ACNER|1
DMT|ACNER|1
DMU|ACNER|1
DMV|ACNER|1
DMZ|ACNER|1
DN|ACNER|1
DNA|ACNER|1
DNAW|ACNER|1
DND|ACNER|1
DNDi|ACNER|1
DNDO|ACNER|1
DNM|ACNER|1
DNK|ACNER|1
DNR|ACNER|1
DNS|ACNER|1
DO|ACNER|1
DOA|ACNER|1
DOB|ACNER|1
DOD|ACNER|1
DODAF|ACNER|1
DoDD|ACNER|1
DoDEA|ACNER|1
DOE|ACNER|1
DOHC|ACNER|1
DOI|ACNER|1
DOM|ACNER|1
DOMS|ACNER|1
DOP|ACNER|1
DORA|ACNER|1
DOS|ACNER|1
DOT|ACNER|1
DOTA|ACNER|1
DotD|ACNER|1
DOTMLPF|ACNER|1
DOW|ACNER|1
DP|ACNER|1
DP|ACNER|1
DPA|ACNER|1
DPCO|ACNER|1
DPDT|ACNER|1
DPICM|ACNER|1
DPKO|ACNER|1
DPMO|ACNER|1
DPPDB|ACNER|1
DPRE|ACNER|1
DPRK|ACNER|1
DPST|ACNER|1
DQ|ACNER|1
DR|ACNER|1
DRA|ACNER|1
DRAGN|ACNER|1
DRAM|ACNER|1
DRC|ACNER|1
DRDC|ACNER|1
DREA|ACNER|1
DRES|ACNER|1
DRET|ACNER|1
DREV|ACNER|1
DRI|ACNER|1
DRIC|ACNER|1
DRL|ACNER|1
DRM|ACNER|1
DRMS|ACNER|1
DRPR|ACNER|1
DRT|ACNER|1
Ds|ACNER|1
DS|ACNER|1
DSA|ACNER|1
DSAA|ACNER|1
DSAS|ACNER|1
DSB|ACNER|1
DSC|ACNER|1
DSCS|ACNER|1
DSCSOC|ACNER|1
DSD|ACNER|1
DSDS|ACNER|1
DSE|ACNER|1
DSG|ACNER|1
DSID|ACNER|1
DSL|ACNER|1
DSLR|ACNER|1
DSM|ACNER|1
DSN|ACNER|1
DSO|ACNER|1
dsp|ACNER|1
dspl|ACNER|1
dspm|ACNER|1
dspml|ACNER|1
dspms|ACNER|1
dsps|ACNER|1
DSP|ACNER|1
DSPL|ACNER|1
DSR|ACNER|1
DSRV|ACNER|1
DSS|ACNER|1
DST|ACNER|1
DSTL|ACNER|1
dsvp|ACNER|1
DSWA|ACNER|1
DTA|ACNER|1
DTD|ACNER|1
DTE|ACNER|1
DTED|ACNER|1
DTG|ACNER|1
DTH|ACNER|1
DTI|ACNER|1
DTIC|ACNER|1
DTL|ACNER|1
DTM|ACNER|1
DTMF|ACNER|1
DTLOMS|ACNER|1
DTO|ACNER|1
DTOMLS|ACNER|1
DTR|ACNER|1
DTRA|ACNER|1
DTSA|ACNER|1
DU|ACNER|1
DUI|ACNER|1
DUMBO|ACNER|1
DUSD|ACNER|1
dv|ACNER|1
DV|ACNER|1
DVD|ACNER|1
DVLC|ACNER|1
dvm|ACNER|1
DVM|ACNER|1
DVO|ACNER|1
DVOM|ACNER|1
DVP|ACNER|1
dvp|ACNER|1
dvu|ACNER|1
DW|ACNER|1
DWG|ACNER|1
DWI|ACNER|1
DWM|ACNER|1
DWIM|ACNER|1
DWTS|ACNER|1
DWW|ACNER|1
DX|ACNER|1
DXA|ACNER|1
DXM|ACNER|1
Dy|ACNER|1
DY|ACNER|1
dz|ACNER|1
DZ|ACNER|1
DZA|ACNER|1
DZD|ACNER|1
dzo|ACNER|1
E|ACNER|1
EA|ACNER|1
EABU|ACNER|1
EAC|ACNER|1
EAFUS|ACNER|1
MB|ACNER|1
MBA|ACNER|1
MBI|ACNER|1
MBBL|ACNER|1
MBCC|ACNER|1
MBCS|ACNER|1
MBE|ACNER|1
MBIDST|ACNER|1
MBM|ACNER|1
mbsf|ACNER|1
MBT|ACNER|1
MBTA|ACNER|1
MBTI|ACNER|1
mC|ACNER|1
MC|ACNER|1
MCA|ACNER|1
MCC|ACNER|1
MCD|ACNER|1
MCDL|ACNER|1
MCFT|ACNER|1
MCG|ACNER|1
MCI|ACNER|1
MCIS|ACNER|1
MCM|ACNER|1
MCMV|ACNER|1
MCNC|ACNER|1
MCO|ACNER|1
MCP|ACNER|1
MCR|ACNER|1
MCSF|ACNER|1
MCT|ACNER|1
MCTIS|ACNER|1
MCU|ACNER|1
Md|ACNER|1
MD|ACNER|1
MDA|ACNER|1
MDF|ACNER|1
MDG|ACNER|1
MDL|ACNER|1
MDM|ACNER|1
MDMA|ACNER|1
MDNA|ACNER|1
MDO|ACNER|1
MDP|ACNER|1
MDT|ACNER|1
MDV|ACNER|1
MDW|ACNER|1
Me|ACNER|1
ME|ACNER|1
MEA|ACNER|1
MEAC|ACNER|1
MEC|ACNER|1
MECC|ACNER|1
MECCA|ACNER|1
MECO|ACNER|1
MEDEVAC|ACNER|1
MEDLI|ACNER|1
MEDS|ACNER|1
MEF|ACNER|1
MEG|ACNER|1
MEI|ACNER|1
MEK|ACNER|1
MEL|ACNER|1
MELT|ACNER|1
MEM|ACNER|1
MEMS|ACNER|1
MEO|ACNER|1
MEP|ACNER|1
MER|ACNER|1
MERL|ACNER|1
MES|ACNER|1
MESSENGER|ACNER|1
MET|ACNER|1
METAR|ACNER|1
METL|ACNER|1
METOC|ACNER|1
MEU|ACNER|1
MeV|ACNER|1
MEV|ACNER|1
MEX|ACNER|1
MEZ|ACNER|1
MES|ACNER|1
mF|ACNER|1
MF|ACNER|1
MFSB|ACNER|1
mg|ACNER|1
Mg|ACNER|1
MG|ACNER|1
MGA|ACNER|1
MGB|ACNER|1
MGM|ACNER|1
MGPAM|ACNER|1
MGS|ACNER|1
mh|ACNER|1
mH|ACNER|1
MH|ACNER|1
MHC|ACNER|1
MHHW|ACNER|1
MHL|ACNER|1
MHLW|ACNER|1
MHRA|ACNER|1
MHW|ACNER|1
MHWN|ACNER|1
MHWS|ACNER|1
MHz|ACNER|1
mi|ACNER|1
Mi|ACNER|1
MI|ACNER|1
MIA|ACNER|1
MIAA|ACNER|1
MIB|ACNER|1
MIC|ACNER|1
MICLIC|ACNER|1
MICOM|ACNER|1
MICV|ACNER|1
MID|ACNER|1
MIDI|ACNER|1
MIDAS|ACNER|1
MIDS|ACNER|1
MIFC|ACNER|1
MIFG|ACNER|1
MIFPC|ACNER|1
MIKE|ACNER|1
MIL|ACNER|1
MILAN|ACNER|1
MILC|ACNER|1
MILES|ACNER|1
MILF|ACNER|1
MILSATCOM|ACNER|1
MILSET|ACNER|1
MILSTRIP|ACNER|1
MIMAROPA|ACNER|1
MIMOSA|ACNER|1
MIMPT|ACNER|1
MIP|ACNER|1
MIPC|ACNER|1
MIRA|ACNER|1
MIRV|ACNER|1
MIS|ACNER|1
MISREP|ACNER|1
MISSI|ACNER|1
MIT|ACNER|1
MITL|ACNER|1
MITS|ACNER|1
mJ|ACNER|1
MJ|ACNER|1
MJD|ACNER|1
MJP|ACNER|1
mk|ACNER|1
mK|ACNER|1
MK|ACNER|1
mkd|ACNER|1
MKD|ACNER|1
MKG|ACNER|1
MKO|ACNER|1
MKS|ACNER|1
MKSA|ACNER|1
MKT|ACNER|1
ml|ACNER|1
mL|ACNER|1
ML|ACNER|1
MLA|ACNER|1
MLB|ACNER|1
MLC|ACNER|1
MLE|ACNER|1
mlg|ACNER|1
MLHW|ACNER|1
MLI|ACNER|1
MLK|ACNER|1
MLL|ACNER|1
MLLW|ACNER|1
MLP|ACNER|1
MLRS|ACNER|1
MLS|ACNER|1
MLSE|ACNER|1
MLSR|ACNER|1
mlt|ACNER|1
MLT|ACNER|1
MLVW|ACNER|1
MLW|ACNER|1
MLWN|ACNER|1
MLWS|ACNER|1
mm|ACNER|1
Mm|ACNER|1
MM|ACNER|1
MMA|ACNER|1
MMC|ACNER|1
MMCM|ACNER|1
MMCS|ACNER|1
MMEV|ACNER|1
MMI|ACNER|1
MMI|ACNER|1
MMIC|ACNER|1
MMIC|ACNER|1
MMI|ACNER|1
MMK|ACNER|1
MMO|ACNER|1
MMOR|ACNER|1
MMORPG|ACNER|1
MMPR|ACNER|1
MMR|ACNER|1
MMS|ACNER|1
MMU|ACNER|1
MMW|ACNER|1
mn|ACNER|1
mN|ACNER|1
Mn|ACNER|1
MN|ACNER|1
MNB|ACNER|1
MND|ACNER|1
MNE|ACNER|1
MNG|ACNER|1
MNMF|ACNER|1
MNP|ACNER|1
MNS|ACNER|1
MNT|ACNER|1
mo|ACNER|1
Mo|ACNER|1
MO|ACNER|1
MOA|ACNER|1
MOAB|ACNER|1
MOB|ACNER|1
MOC|ACNER|1
MOCAS|ACNER|1
MoD|ACNER|1
MOD|ACNER|1
MoDAF|ACNER|1
modem|ACNER|1
ModSAF|ACNER|1
Moe|ACNER|1
MOE|ACNER|1
MOF|ACNER|1
MOFA|ACNER|1
MOH|ACNER|1
MOID|ACNER|1
MOJWA|ACNER|1
mol|ACNER|1
MOLO|ACNER|1
MoM|ACNER|1
MOM|ACNER|1
MOM|ACNER|1
MoMA|ACNER|1
mon|ACNER|1
MOND|ACNER|1
MOO|ACNER|1
MOOTW|ACNER|1
MOP|ACNER|1
MOPE|ACNER|1
MOPP|ACNER|1
MORP|ACNER|1
MORS|ACNER|1
MOS|ACNER|1
MOSFET|ACNER|1
MOSS|ACNER|1
MOT|ACNER|1
MOTA|ACNER|1
MOTESS|ACNER|1
MOTO|ACNER|1
MOU|ACNER|1
MOUT|ACNER|1
MOVES|ACNER|1
MOW|ACNER|1
MOZ|ACNER|1
MP|ACNER|1
mPa|ACNER|1
MPa|ACNER|1
MPA|ACNER|1
MPAA|ACNER|1
MPC|ACNER|1
MPC|ACNER|1
MPEC|ACNER|1
MPEG|ACNER|1
MPEV|ACNER|1
MPF|ACNER|1
MPFC|ACNER|1
MPG|ACNER|1
MPMC|ACNER|1
MPSI|ACNER|1
MPSoC|ACNER|1
MPSRON|ACNER|1
MQ|ACNER|1
mr|ACNER|1
MR|ACNER|1
MRAV|ACNER|1
MRBM|ACNER|1
MRC|ACNER|1
MRD|ACNER|1
MRE|ACNER|1
MRGO|ACNER|1
MRGW|ACNER|1
mri|ACNER|1
MRI|ACNER|1
MRL|ACNER|1
MRO|ACNER|1
MRPharmS|ACNER|1
MRR|ACNER|1
MRS|ACNER|1
MRSA|ACNER|1
MRT|ACNER|1
MRTFB|ACNER|1
ms|ACNER|1
mS|ACNER|1
Ms|ACNER|1
MS|ACNER|1
msa|ACNER|1
MSB|ACNER|1
MSD|ACNER|1
MSDB|ACNER|1
MSDE|ACNER|1
MSDL|ACNER|1
MSE|ACNER|1
MSEC|ACNER|1
MSG|ACNER|1
MSH|ACNER|1
MSI|ACNER|1
MSIE|ACNER|1
MSL|ACNER|1
MSLP|ACNER|1
MSM|ACNER|1
MSN|ACNER|1
MSNBC|ACNER|1
MSO|ACNER|1
MSPA|ACNER|1
MSPB|ACNER|1
MSR|ACNER|1
MSSA|ACNER|1
MST|ACNER|1
MSU|ACNER|1
mt|ACNER|1
mT|ACNER|1
Mt|ACNER|1
MT|ACNER|1
MTA|ACNER|1
MTBF|ACNER|1
MtF|ACNER|1
MTF|ACNER|1
MTG|ACNER|1
MTL|ACNER|1
MTOE|ACNER|1
MTP|ACNER|1
MTQ|ACNER|1
MTR|ACNER|1
MTS|ACNER|1
MTT|ACNER|1
MTU|ACNER|1
MTV|ACNER|1
MTVL|ACNER|1
MTWS|ACNER|1
MU|ACNER|1
MUA|ACNER|1
MUR|ACNER|1
MUS|ACNER|1
mV|ACNER|1
MV|ACNER|1
MVC|ACNER|1
MVFC|ACNER|1
MVNO|ACNER|1
MVR|ACNER|1
mW|ACNER|1
MW|ACNER|1
MWC|ACNER|1
MWESH|ACNER|1
MWI|ACNER|1
MWK|ACNER|1
MWOA|ACNER|1
MWR|ACNER|1
MWTB|ACNER|1
MX|ACNER|1
MXN|ACNER|1
my|ACNER|1
MY|ACNER|1
mya|ACNER|1
MYOB|ACNER|1
MYR|ACNER|1
MYS|ACNER|1
MYT|ACNER|1
MZ|ACNER|1
MZN|ACNER|1
n|ACNER|1
N|ACNER|1
N3F|ACNER|1
na|ACNER|1
nA|ACNER|1
Na|ACNER|1
NA|ACNER|1
NAA|ACNER|1
NAAD|ACNER|1
NAAFI|ACNER|1
NAAK|ACNER|1
NAACP|ACNER|1
NAAQS|ACNER|1
NAAWS|ACNER|1
NABCI|ACNER|1
NAC|ACNER|1
NACA|ACNER|1
NACC|ACNER|1
NACISA|ACNER|1
NACMA|ACNER|1
NACRA|ACNER|1
NAD|ACNER|1
NAEC|ACNER|1
NAF|ACNER|1
NAFLD|ACNER|1
NAFO|ACNER|1
NAFERA|ACNER|1
NAFTA|ACNER|1
NAGPRA|ACNER|1
NAI|ACNER|1
NAICS|ACNER|1
NAIL|ACNER|1
NAILS|ACNER|1
NAIRU|ACNER|1
NAK|ACNER|1
NAM|ACNER|1
NAMBLA|ACNER|1
NAMRL|ACNER|1
NaN|ACNER|1
NAO|ACNER|1
NAPDD|ACNER|1
NAPS|ACNER|1
NARA|ACNER|1
NARAL|ACNER|1
NARDAC|ACNER|1
NARDIC|ACNER|1
NARPV|ACNER|1
NAS|ACNER|1
NASA|ACNER|1
NASCAR|ACNER|1
NASDAQ|ACNER|1
NASED|ACNER|1
NASH|ACNER|1
NASP|ACNER|1
NASS|ACNER|1
NatGeo|ACNER|1
NATO|ACNER|1
nau|ACNER|1
NaUKMA|ACNER|1
nav|ACNER|1
NAV|ACNER|1
NAVCAMS|ACNER|1
NAVCC|ACNER|1
NAVCENT|ACNER|1
NAVDAC|ACNER|1
NAVEUR|ACNER|1
NAVFE|ACNER|1
NAVFOR|ACNER|1
NAVMACS|ACNER|1
NAVNET|ACNER|1
NAVS|ACNER|1
NAVSAT|ACNER|1
NAVSPACECOM|ACNER|1
NAVSPASUR|ACNER|1
NAVSTAR|ACNER|1
NAVTACNET|ACNER|1
NAWC|ACNER|1
NAWMP|ACNER|1
nb|ACNER|1
Nb|ACNER|1
NB|ACNER|1
NBA|ACNER|1
NBACC|ACNER|1
NBC|ACNER|1
NBCRS|ACNER|1
NBIC|ACNER|1
nbl|ACNER|1
NBL|ACNER|1
NBT|ACNER|1
nC|ACNER|1
NC|ACNER|1
NCA|ACNER|1
NCAA|ACNER|1
NCAR|ACNER|1
NCB|ACNER|1
NCCAM|ACNER|1
NCCUSL|ACNER|1
NCDDR|ACNER|1
NCES|ACNER|1
NCI|ACNER|1
NCIS|ACNER|1
NCL|ACNER|1
NCLR|ACNER|1
NCMO|ACNER|1
NCND|ACNER|1
NCO|ACNER|1
NCP|ACNER|1
NCR|ACNER|1
NCTR|ACNER|1
NCW|ACNER|1
nd|ACNER|1
Nd|ACNER|1
ND|ACNER|1
NDAA|ACNER|1
NDBP|ACNER|1
NDCC|ACNER|1
nde|ACNER|1
NDH|ACNER|1
ndo|ACNER|1
NDP|ACNER|1
NDS|ACNER|1
NDU|ACNER|1
ne|ACNER|1
Ne|ACNER|1
NE|ACNER|1
NEA|ACNER|1
NEAT|ACNER|1
NEC|ACNER|1
NED|ACNER|1
NECTEC|ACNER|1
NEI|ACNER|1
NEMS|ACNER|1
NEO|ACNER|1
nep|ACNER|1
NEPA|ACNER|1
NER|ACNER|1
NERICA|ACNER|1
NESDIS|ACNER|1
NESP|ACNER|1
NET|ACNER|1
NETCU|ACNER|1
NETL|ACNER|1
NETWARS|ACNER|1
NEWS|ACNER|1
NEX|ACNER|1
nF|ACNER|1
NF|ACNER|1
NFA|ACNER|1
NFC|ACNER|1
NFER|ACNER|1
NFG|ACNER|1
NFHS|ACNER|1
NFI|ACNER|1
NFK|ACNER|1
NFL|ACNER|1
Nfld|ACNER|1
NFPA|ACNER|1
NFT|ACNER|1
ng|ACNER|1
NG|ACNER|1
NGA|ACNER|1
NGH|ACNER|1
NGATS|ACNER|1
NGIC|ACNER|1
NGN|ACNER|1
NGO|ACNER|1
NGR|ACNER|1
NGS|ACNER|1
nH|ACNER|1
NH|ACNER|1
NHANES|ACNER|1
NHB|ACNER|1
NHB|ACNER|1
NHL|ACNER|1
NHO|ACNER|1
NHRA|ACNER|1
NHS|ACNER|1
Ni|ACNER|1
NI|ACNER|1
NIAAA|ACNER|1
NIAID|ACNER|1
NIAG|ACNER|1
NIAMD|ACNER|1
NIB|ACNER|1
NIBP|ACNER|1
NIC|ACNER|1
NicA|ACNER|1
NICAP|ACNER|1
NICE|ACNER|1
NICHD|ACNER|1
NICP|ACNER|1
NIDDK|ACNER|1
NIDRR|ACNER|1
NIEHS|ACNER|1
NIG|ACNER|1
NIH|ACNER|1
NIIN|ACNER|1
NIMA|ACNER|1
NIMBY|ACNER|1
NIMG|ACNER|1
NiMH|ACNER|1
NIMH|ACNER|1
NIN|ACNER|1
NIO|ACNER|1
NIPR|ACNER|1
NIR|ACNER|1
NISAC|ACNER|1
NISCAP|ACNER|1
NISER|ACNER|1
NIST|ACNER|1
NIT|ACNER|1
NITFS|ACNER|1
NIU|ACNER|1
nJ|ACNER|1
NJ|ACNER|1
NJHS|ACNER|1
NJPW|ACNER|1
nK|ACNER|1
NKA|ACNER|1
NKVD|ACNER|1
nl|ACNER|1
nL|ACNER|1
NL|ACNER|1
NLB|ACNER|1
nld|ACNER|1
NLD|ACNER|1
NLF|ACNER|1
NLL|ACNER|1
NLP|ACNER|1
NLW|ACNER|1
nm|ACNER|1
NM|ACNER|1
NMCI|ACNER|1
NMCS|ACNER|1
NMD|ACNER|1
NMN|ACNER|1
NMOS|ACNER|1
NMSG|ACNER|1
NMR|ACNER|1
NMHNFG|ACNER|1
nn|ACNER|1
nN|ACNER|1
NNE|ACNER|1
nno|ACNER|1
NNSA|ACNER|1
NNW|ACNER|1
no|ACNER|1
No|ACNER|1
NO|ACNER|1
NOAA|ACNER|1
NOAF|ACNER|1
NOAO|ACNER|1
nob|ACNER|1
NOC|ACNER|1
NODEF|ACNER|1
NOK|ACNER|1
NOLA|ACNER|1
NOGI|ACNER|1
NOLF|ACNER|1
NOM|ACNER|1
NOME|ACNER|1
NoMBO|ACNER|1
NOME|ACNER|1
NOPA|ACNER|1
nor|ACNER|1
NOR|ACNER|1
NORAD|ACNER|1
NORCECA|ACNER|1
NORELPREF|ACNER|1
NORML|ACNER|1
NORTHAG|ACNER|1
NOS|ACNER|1
NOSA|ACNER|1
NOTAFLOF|ACNER|1
NOTAM|ACNER|1
NOW|ACNER|1
Np|ACNER|1
NP|ACNER|1
NP|ACNER|1
NPB|ACNER|1
NPC|ACNER|1
NPCS|ACNER|1
NPD|ACNER|1
NPDI|ACNER|1
NPG|ACNER|1
NPH|ACNER|1
NPL|ACNER|1
NPOV|ACNER|1
NPR|ACNER|1
NQ|ACNER|1
NQOCD|ACNER|1
NPO|ACNER|1
nr|ACNER|1
NR|ACNER|1
NRA|ACNER|1
NRAO|ACNER|1
NRC|ACNER|1
NRDC|ACNER|1
NREL|ACNER|1
NRK|ACNER|1
NRMP|ACNER|1
NRO|ACNER|1
NRT|ACNER|1
NRTA|ACNER|1
NRU|ACNER|1
ns|ACNER|1
nS|ACNER|1
NS|ACNER|1
NSA|ACNER|1
NSABB|ACNER|1
NSAID|ACNER|1
NSB|ACNER|1
NSC|ACNER|1
NSDAP|ACNER|1
NSDL|ACNER|1
NSG|ACNER|1
NSN|ACNER|1
NSNA|ACNER|1
NSO|ACNER|1
NSS|ACNER|1
NST|ACNER|1
NSTAC|ACNER|1
NSV|ACNER|1
NSW|ACNER|1
nT|ACNER|1
NT|ACNER|1
NTC|ACNER|1
NTDS|ACNER|1
NTP|ACNER|1
NTR|ACNER|1
NTRA|ACNER|1
NTSB|ACNER|1
NTSC|ACNER|1
NTV|ACNER|1
NTY|ACNER|1
NTZ|ACNER|1
NU|ACNER|1
NUI|ACNER|1
NUL|ACNER|1
NUTS|ACNER|1
NUWC|ACNER|1
nv|ACNER|1
nV|ACNER|1
NV|ACNER|1
NVEOL|ACNER|1
NVESD|ACNER|1
NVG|ACNER|1
NVL|ACNER|1
nW|ACNER|1
NW|ACNER|1
NW|ACNER|1
NWA|ACNER|1
NWF|ACNER|1
NWFZ|ACNER|1
NWHN|ACNER|1
nWo|ACNER|1
NWOAHM|ACNER|1
NWOBHM|ACNER|1
NWRA|ACNER|1
NWSL|ACNER|1
NWT|ACNER|1
NX|ACNER|1
NXA|ACNER|1
NXD|ACNER|1
NXE|ACNER|1
NXG|ACNER|1
NXL|ACNER|1
NXN|ACNER|1
NXP|ACNER|1
OMN|ACNER|1
OMNCS|ACNER|1
OMP|ACNER|1
OMR|ACNER|1
OMS|ACNER|1
OMT|ACNER|1
OMW|ACNER|1
ON|ACNER|1
Onna|ACNER|1
ONC|ACNER|1
ONCE|ACNER|1
ONG|ACNER|1
ONH|ACNER|1
ONI|ACNER|1
ONS|ACNER|1
OO|ACNER|1
OOO|ACNER|1
OOAD|ACNER|1
OOBE|ACNER|1
OOCL|ACNER|1
OODA|ACNER|1
OOMF|ACNER|1
OOP|ACNER|1
OOS|ACNER|1
OOTW|ACNER|1
OP|ACNER|1
OPA|ACNER|1
OPAC|ACNER|1
OPCON|ACNER|1
OPCW|ACNER|1
OPEC|ACNER|1
OPFOR|ACNER|1
OPI|ACNER|1
OPINTEL|ACNER|1
OPLAN|ACNER|1
OPORD|ACNER|1
OPP|ACNER|1
OPS|ACNER|1
OPSEC|ACNER|1
OPSI|ACNER|1
OPTAR|ACNER|1
OPV|ACNER|1
OQ|ACNER|1
or|ACNER|1
OR|ACNER|1
ORAU|ACNER|1
ORB|ACNER|1
ORBAT|ACNER|1
ORD|ACNER|1
ORD|ACNER|1
ORF|ACNER|1
ori|ACNER|1
ORISE|ACNER|1
orm|ACNER|1
ORNL|ACNER|1
ORR|ACNER|1
ORSA|ACNER|1
OS|ACNER|1
os|ACNER|1
Os|ACNER|1
OSA|ACNER|1
OSCE|ACNER|1
OSD|ACNER|1
OSDL|ACNER|1
OSE|ACNER|1
OSERS|ACNER|1
OSETI|ACNER|1
OSHA|ACNER|1
OSI|ACNER|1
OSIA|ACNER|1
OSL|ACNER|1
OSIRIS|ACNER|1
OSM|ACNER|1
OSOTPBOIAS|ACNER|1
OSPA|ACNER|1
OSPA|ACNER|1
OSRH|ACNER|1
oss|ACNER|1
OSS|ACNER|1
OSU|ACNER|1
OTA|ACNER|1
OTAC|ACNER|1
OTB|ACNER|1
OTC|ACNER|1
OTD|ACNER|1
OTEA|ACNER|1
OTI|ACNER|1
OTO|ACNER|1
OTOH|ACNER|1
OTS|ACNER|1
OTSBH|ACNER|1
OTW|ACNER|1
OTYBL|ACNER|1
OTYRL|ACNER|1
OU|ACNER|1
OVC|ACNER|1
OVV|ACNER|1
OW|ACNER|1
OWN|ACNER|1
OX|ACNER|1
OXC|ACNER|1
OXF|ACNER|1
OXM|ACNER|1
OXR|ACNER|1
OXT|ACNER|1
Oy|ACNER|1
Oyj|ACNER|1
OZ|ACNER|1
p|ACNER|1
P|ACNER|1
P2P|ACNER|1
pa|ACNER|1
pA|ACNER|1
Pa|ACNER|1
PA|ACNER|1
PAA|ACNER|1
PAB|ACNER|1
PABX|ACNER|1
PAC|ACNER|1
PACOM|ACNER|1
PADD|ACNER|1
PADI|ACNER|1
PAEK|ACNER|1
PAFC|ACNER|1
PAH|ACNER|1
PAHO|ACNER|1
PAI|ACNER|1
PAK|ACNER|1
Pakistan|ACNER|1
PAL|ACNER|1
PAM|ACNER|1
Pamida|ACNER|1
PAMELA|ACNER|1
pan|ACNER|1
PAN|ACNER|1
PANS|ACNER|1
PAO|ACNER|1
PAOK|ACNER|1
PAPI|ACNER|1
PAR|ACNER|1
PARC|ACNER|1
PAROS|ACNER|1
PARP|ACNER|1
PARWIG|ACNER|1
PAS|ACNER|1
PASA|ACNER|1
PASGT|ACNER|1
PASR|ACNER|1
PATH|ACNER|1
PAWS|ACNER|1
PAYD|ACNER|1
PAYE|ACNER|1
Pb|ACNER|1
PB|ACNER|1
PBA|ACNER|1
PBB|ACNER|1
PBCK|ACNER|1
PBD|ACNER|1
PBDE|ACNER|1
PBI|ACNER|1
PBN|ACNER|1
PBOH|ACNER|1
PBR|ACNER|1
PBS|ACNER|1
PBRT|ACNER|1
PBT|ACNER|1
PBX|ACNER|1
pC|ACNER|1
PC|ACNER|1
PCAS|ACNER|1
PCB|ACNER|1
PCC|ACNER|1
PCCB|ACNER|1
PCCIP|ACNER|1
PCE|ACNER|1
PCI|ACNER|1
PCIe|ACNER|1
PCL|ACNER|1
PCMCIA|ACNER|1
PCN|ACNER|1
PCP|ACNER|1
PCPI|ACNER|1
PCR|ACNER|1
PCSSD|ACNER|1
PCT|ACNER|1
PCTE|ACNER|1
PCZ|ACNER|1
Pd|ACNER|1
PD|ACNER|1
PD|ACNER|1
PDA|ACNER|1
PDD|ACNER|1
PDF|ACNER|1
PDG|ACNER|1
PDL|ACNER|1
PDN|ACNER|1
PDP|ACNER|1
PDQ|ACNER|1
PDRY|ACNER|1
PDT|ACNER|1
PDU|ACNER|1
PE|ACNER|1
PE|ACNER|1
PEBCAC|ACNER|1
PEBKAC|ACNER|1
PEEK|ACNER|1
PEET|ACNER|1
PEGIDA|ACNER|1
PEI|ACNER|1
PEK|ACNER|1
PEN|ACNER|1
PEO|ACNER|1
PEPFAR|ACNER|1
PER|ACNER|1
perl|ACNER|1
PES|ACNER|1
PEST|ACNER|1
PET|ACNER|1
PETA|ACNER|1
PETE|ACNER|1
PETP|ACNER|1
pF|ACNER|1
PF|ACNER|1
PFD|ACNER|1
PFE|ACNER|1
PFLAG|ACNER|1
PFIY|ACNER|1
PFO|ACNER|1
PfP|ACNER|1
pg|ACNER|1
Pg|ACNER|1
PG|ACNER|1
PGCE|ACNER|1
PGD|ACNER|1
PGENI|ACNER|1
PGH|ACNER|1
PGK|ACNER|1
PGM|ACNER|1
PGP|ACNER|1
pH|ACNER|1
PH|ACNER|1
PHA|ACNER|1
PHL|ACNER|1
PHQ|ACNER|1
PHP|ACNER|1
pi|ACNER|1
Pi|ACNER|1
PI|ACNER|1
PIB|ACNER|1
PIC|ACNER|1
PICNIC|ACNER|1
PICS|ACNER|1
PID|ACNER|1
PIF|ACNER|1
PIG|ACNER|1
PIM|ACNER|1
PIN|ACNER|1
PINF|ACNER|1
PIPA|ACNER|1
PIR|ACNER|1
PIRA|ACNER|1
PIREPS|ACNER|1
PITA|ACNER|1
pJ|ACNER|1
PJ|ACNER|1
PJHQ|ACNER|1
PJs|ACNER|1
K|ACNER|1
PK|ACNER|1
PKA|ACNER|1
PKE|ACNER|1
PKI|ACNER|1
PKM|ACNER|1
PKMS|ACNER|1
PKMT|ACNER|1
PKR|ACNER|1
PKT|ACNER|1
PKTM|ACNER|1
PKU|ACNER|1
pl|ACNER|1
pL|ACNER|1
PL|ACNER|1
PLAF|ACNER|1
PLAID|ACNER|1
PLB|ACNER|1
PLC|ACNER|1
PLCC|ACNER|1
PLD|ACNER|1
PLEBS|ACNER|1
PLF|ACNER|1
PLGR|ACNER|1
pli|ACNER|1
PLI|ACNER|1
PLIF|ACNER|1
PLK|ACNER|1
PLKK|ACNER|1
PLL|ACNER|1
PLM|ACNER|1
PLMBA|ACNER|1
Pln|ACNER|1
PLN|ACNER|1
PLO|ACNER|1
PLOKTA|ACNER|1
PLP|ACNER|1
PLS|ACNER|1
PLUTO|ACNER|1
PLW|ACNER|1
pm|ACNER|1
Pm|ACNER|1
PM|ACNER|1
PMC|ACNER|1
PMCS|ACNER|1
PME|ACNER|1
PMI|ACNER|1
PMID|ACNER|1
PMMA|ACNER|1
PMOS|ACNER|1
PMS|ACNER|1
PMSC|ACNER|1
PMSL|ACNER|1
PMT|ACNER|1
pN|ACNER|1
PN|ACNER|1
PNAC|ACNER|1
PNC|ACNER|1
PNF|ACNER|1
PNG|ACNER|1
PNP|ACNER|1
PNS|ACNER|1
PNVS|ACNER|1
PNH|ACNER|1
Po|ACNER|1
PO|ACNER|1
PO|ACNER|1
PO|ACNER|1
POCD|ACNER|1
pod|ACNER|1
POD|ACNER|1
POE|ACNER|1
POETS|ACNER|1
POFF|ACNER|1
POG|ACNER|1
POGO|ACNER|1
POI|ACNER|1
POK|ACNER|1
pol|ACNER|1
POL|ACNER|1
POLAD|ACNER|1
POM|ACNER|1
POMDP|ACNER|1
POP|ACNER|1
por|ACNER|1
POR|ACNER|1
POS|ACNER|1
POSH|ACNER|1
POSSLQ|ACNER|1
POT|ACNER|1
POTS|ACNER|1
POV|ACNER|1
POW|ACNER|1
pp|ACNER|1
PP|ACNER|1
PPA|ACNER|1
PPASC|ACNER|1
PPASSCCATAG|ACNER|1
TBD|ACNER|1
TBF|ACNER|1
TBGRI|ACNER|1
TBH|ACNER|1
TBL|ACNER|1
TBM|ACNER|1
TBS|ACNER|1
TBT|ACNER|1
Tc|ACNER|1
TC|ACNER|1
TCA|ACNER|1
TCAS|ACNER|1
TCAA|ACNER|1
TCCCS|ACNER|1
TCD|ACNER|1
TCG|ACNER|1
TCHD|ACNER|1
TCL|ACNER|1
TCM|ACNER|1
TCP|ACNER|1
TCU|ACNER|1
TCWMS|ACNER|1
TCW|ACNER|1
TD|ACNER|1
TDA|ACNER|1
TDL|ACNER|1
TDM|ACNER|1
TDMA|ACNER|1
TDP|ACNER|1
TDRS|ACNER|1
te|ACNER|1
Te|ACNER|1
TE|ACNER|1
TEAL|ACNER|1
Team|ACNER|1
TEAMS|ACNER|1
TED|ACNER|1
TEETH|ACNER|1
tel|ACNER|1
TEL|ACNER|1
TELAR|ACNER|1
TEMO|ACNER|1
TENCAP|ACNER|1
TERS|ACNER|1
TES|ACNER|1
TEST|ACNER|1
TEU|ACNER|1
TeVeS|ACNER|1
TF|ACNER|1
TFMPP|ACNER|1
TFR|ACNER|1
TFT|ACNER|1
tg|ACNER|1
Tg|ACNER|1
TG|ACNER|1
TGA|ACNER|1
TGB|ACNER|1
TGIF|ACNER|1
tgk|ACNER|1
tgl|ACNER|1
TGO|ACNER|1
TGT|ACNER|1
TGV|ACNER|1
th|ACNER|1
Th|ACNER|1
TH|ACNER|1
tha|ACNER|1
THA|ACNER|1
THAAD|ACNER|1
THB|ACNER|1
THEGENTRY|ACNER|1
THEL|ACNER|1
THG|ACNER|1
ti|ACNER|1
Ti|ACNER|1
TI|ACNER|1
TIA|ACNER|1
TIA|ACNER|1
TIALD|ACNER|1
TIBS|ACNER|1
TIC|ACNER|1
TID|ACNER|1
TIGERS|ACNER|1
TIM|ACNER|1
TIMS|ACNER|1
TINC|ACNER|1
TINY|ACNER|1
TIP|ACNER|1
tir|ACNER|1
tits|ACNER|1
TJ|ACNER|1
TJD|ACNER|1
TJK|ACNER|1
TJS|ACNER|1
tk|ACNER|1
TK|ACNER|1
TKBL|ACNER|1
TKL|ACNER|1
TKM|ACNER|1
tl|ACNER|1
Tl|ACNER|1
TLPM|ACNER|1
TL|ACNER|1
TLATOJL|ACNER|1
TLA|ACNER|1
TLAM|ACNER|1
TLAR|ACNER|1
TLC|ACNER|1
TLD|ACNER|1
TLM|ACNER|1
TLS|ACNER|1
Tm|ACNER|1
Thulium|ACNER|1
TM|ACNER|1
TMA|ACNER|1
TMAP|ACNER|1
TMC|ACNER|1
TMD|ACNER|1
TMDK|ACNER|1
TMI|ACNER|1
TMJ|ACNER|1
TMM|ACNER|1
TMNT|ACNER|1
TMO|ACNER|1
TMP|ACNER|1
TMPG|ACNER|1
TMR|ACNER|1
TMS|ACNER|1
TMT|ACNER|1
TMTOWTDI|ACNER|1
TMZ|ACNER|1
tn|ACNER|1
TN|ACNER|1
TNA|ACNER|1
TND|ACNER|1
TNO|ACNER|1
TNT|ACNER|1
to|ACNER|1
TO|ACNER|1
TOA|ACNER|1
TOAD|ACNER|1
TOBS|ACNER|1
TOC|ACNER|1
TOG|ACNER|1
TOGS|ACNER|1
TOMS|ACNER|1
ton|ACNER|1
TON|ACNER|1
TOP|ACNER|1
TOS|ACNER|1
TOT|ACNER|1
TOW|ACNER|1
TP|ACNER|1
TPE|ACNER|1
TPI|ACNER|1
TPO|ACNER|1
TPS|ACNER|1
TPTB|ACNER|1
TQ|ACNER|1
tr|ACNER|1
TR|ACNER|1
TRA|ACNER|1
TRAC|ACNER|1
TRACON|ACNER|1
TRADOC|ACNER|1
TRAIN|ACNER|1
TRANSCOM|ACNER|1
TRAP|ACNER|1
TRASANA|ACNER|1
TRD|ACNER|1
TRIGAT|ACNER|1
TRL|ACNER|1
Trp|ACNER|1
TRP|ACNER|1
TRU|ACNER|1
TRUEX|ACNER|1
TRW|ACNER|1
TRY|ACNER|1
ts|ACNER|1
Ts|ACNER|1
TS|ACNER|1
TSA|ACNER|1
TSCA|ACNER|1
TSEC|ACNER|1
TSL|ACNER|1
tsn|ACNER|1
TSN|ACNER|1
tso|ACNER|1
TSO|ACNER|1
TSOP|ACNER|1
TSR|ACNER|1
TSSIA|ACNER|1
tt|ACNER|1
TT|ACNER|1
TTCT|ACNER|1
TTD|ACNER|1
TTO|ACNER|1
TTFN|ACNER|1
TTL|ACNER|1
TTP|ACNER|1
TTTEAF|ACNER|1
TTY|ACNER|1
TTYL|ACNER|1
TTZ|ACNER|1
TU|ACNER|1
TUC|ACNER|1
TUG|ACNER|1
TUI|ACNER|1
tuk|ACNER|1
TUN|ACNER|1
TUNS|ACNER|1
Tur|ACNER|1
TUR|ACNER|1
TUSK|ACNER|1
TUV|ACNER|1
Tv|ACNER|1
TV|ACNER|1
TVA|ACNER|1
TVG|ACNER|1
TVR|ACNER|1
TVS|ACNER|1
tw|ACNER|1
TW|ACNER|1
TWAIN|ACNER|1
TWD|ACNER|1
TWE|ACNER|1
twi|ACNER|1
TWI|ACNER|1
TWN|ACNER|1
TWP|ACNER|1
TWS|ACNER|1
TWIP|ACNER|1
TX|ACNER|1
TXV|ACNER|1
ty|ACNER|1
TYT|ACNER|1
TZ|ACNER|1
TZA|ACNER|1
TZC|ACNER|1
TZS|ACNER|1
U|ACNER|1
UA|ACNER|1
UAAP|ACNER|1
UAB|ACNER|1
UAE|ACNER|1
UAH|ACNER|1
UAR|ACNER|1
UAV|ACNER|1
UBC|ACNER|1
UBIGEO|ACNER|1
UBS|ACNER|1
UCBSA|ACNER|1
UCAV|ACNER|1
UCF|ACNER|1
UCI|ACNER|1
UCLA|ACNER|1
UCLES|ACNER|1
UCR|ACNER|1
UCS|ACNER|1
UCSB|ACNER|1
UCSD|ACNER|1
UDAS|ACNER|1
UDDI|ACNER|1
UDP|ACNER|1
UDT|ACNER|1
UDTS|ACNER|1
UE|ACNER|1
UEFA|ACNER|1
UEFI|ACNER|1
UESAC|ACNER|1
UFC|ACNER|1
UFO|ACNER|1
ug|ACNER|1
UG|ACNER|1
UGA|ACNER|1
UGV|ACNER|1
UGX|ACNER|1
UHF|ACNER|1
UHMW|ACNER|1
UHRB|ACNER|1
UIC|ACNER|1
UID|ACNER|1
uig|ACNER|1
UIL|ACNER|1
UIUC|ACNER|1
UJTL|ACNER|1
uk|ACNER|1
UK|ACNER|1
UKIP|ACNER|1
ukr|ACNER|1
UKR|ACNER|1
UL|ACNER|1
ULEB|ACNER|1
ULF|ACNER|1
UM|ACNER|1
UMBC|ACNER|1
UMC|ACNER|1
UMCP|ACNER|1
UMES|ACNER|1
UMI|ACNER|1
UMIST|ACNER|1
UMK|ACNER|1
UML|ACNER|1
UMTS|ACNER|1
UN|ACNER|1
UNABOM|ACNER|1
UNAIDS|ACNER|1
UNaM|ACNER|1
UNAM|ACNER|1
UNAMSIL|ACNER|1
UNCF|ACNER|1
UNCLOS|ACNER|1
UNCSGN|ACNER|1
UNCTAD|ACNER|1
UNDCP|ACNER|1
UNDE|ACNER|1
UNDP|ACNER|1
UNEP|ACNER|1
UNESCO|ACNER|1
UNFCCC|ACNER|1
UNFICYP|ACNER|1
UNGEGN|ACNER|1
UNHCR|ACNER|1
UNICEF|ACNER|1
UNICRI|ACNER|1
UNIDO|ACNER|1
UNIFEM|ACNER|1
UNIS|ACNER|1
UNLV|ACNER|1
UNMIK|ACNER|1
UNMOVIC|ACNER|1
UNOSOM|ACNER|1
UNPROFOR|ACNER|1
UNRISD|ACNER|1
UNSM|ACNER|1
UNTAC|ACNER|1
UNTAET|ACNER|1
UNU|ACNER|1
UP|ACNER|1
UPC|ACNER|1
UPdM|ACNER|1
UPDM|ACNER|1
UPF|ACNER|1
UPI|ACNER|1
UPN|ACNER|1
UPS|ACNER|1
UPTN|ACNER|1
UPU|ACNER|1
ur|ACNER|1
UR|ACNER|1
URBSFA|ACNER|1
urd|ACNER|1
URD|ACNER|1
URI|ACNER|1
URL|ACNER|1
URU|ACNER|1
URY|ACNER|1
US|ACNER|1
USA|ACNER|1
USAADAC|ACNER|1
USAARMC|ACNER|1
USAAVNC|ACNER|1
USAF|ACNER|1
USAFSPC|ACNER|1
USAIC|ACNER|1
USAID|ACNER|1
USAP|ACNER|1
USAPATRIOT|ACNER|1
USAREUR|ACNER|1
USB|ACNER|1
USC|ACNER|1
USCG|ACNER|1
USCINCSPACE|ACNER|1
USD|ACNER|1
USDA|ACNER|1
USDI|ACNER|1
USDOE|ACNER|1
USDRE|ACNER|1
USEC|ACNER|1
USFL|ACNER|1
USFWS|ACNER|1
USGS|ACNER|1
USIA|ACNER|1
USJFCOM|ACNER|1
USL|ACNER|1
USMC|ACNER|1
USMNT|ACNER|1
USN|ACNER|1
USNA|ACNER|1
USNB|ACNER|1
USNG|ACNER|1
USNH|ACNER|1
USNI|ACNER|1
USNO|ACNER|1
USNOFS|ACNER|1
USNP|ACNER|1
USNR|ACNER|1
USNS|ACNER|1
USNY|ACNER|1
USNZ|ACNER|1
USPS|ACNER|1
USPTO|ACNER|1
USR|ACNER|1
USS|ACNER|1
USSPACECOM|ACNER|1
USSR|ACNER|1
UST|ACNER|1
USTRANSCOM|ACNER|1
USWNT|ACNER|1
UT|ACNER|1
UTEP|ACNER|1
UTM|ACNER|1
UU|ACNER|1
UUA|ACNER|1
UUID|ACNER|1
UUV|ACNER|1
UV|ACNER|1
UVM|ACNER|1
UW|ACNER|1
UWO|ACNER|1
UWT|ACNER|1
UWTG|ACNER|1
UWW|ACNER|1
UXO|ACNER|1
UY|ACNER|1
UYU|ACNER|1
uz|ACNER|1
UZ|ACNER|1
uzb|ACNER|1
UZB|ACNER|1
UZS|ACNER|1
V|ACNER|1
VA|ACNER|1
VACIS|ACNER|1
VACIS|ACNER|1
VANOS|ACNER|1
VAO|ACNER|1
VASIS|ACNER|1
VAT|ACNER|1
VB|ACNER|1
VBA|ACNER|1
VC|ACNER|1
VCDS|ACNER|1
vCJD|ACNER|1
VCJCS|ACNER|1
VCNO|ACNER|1
VCR|ACNER|1
VCofS|ACNER|1
VCT|ACNER|1
VD|ACNER|1
VDFS|ACNER|1
VDMOS|ACNER|1
VDOT|ACNER|1
VDR|ACNER|1
ve|ACNER|1
VE|ACNER|1
VEB|ACNER|1
VEEGA|ACNER|1
ven|ACNER|1
VEN|ACNER|1
VERDI|ACNER|1
VERITAS|ACNER|1
VFA|ACNER|1
VfD|ACNER|1
VFL|ACNER|1
VFM|ACNER|1
VFMO|ACNER|1
VFR|ACNER|1
VFT|ACNER|1
VFW|ACNER|1
VG|ACNER|1
VGB|ACNER|1
VH1|ACNER|1
VHF|ACNER|1
vi|ACNER|1
VI|ACNER|1
VIA|ACNER|1
VIC|ACNER|1
VIDS|ACNER|1
vie|ACNER|1
VII|ACNER|1
VIII|ACNER|1
VIN|ACNER|1
VIP|ACNER|1
VIR|ACNER|1
VIS|ACNER|1
VISCII|ACNER|1
VIT|ACNER|1
VIVO|ACNER|1
VJ|ACNER|1
VK|ACNER|1
VLA|ACNER|1
VLAD|ACNER|1
VLBA|ACNER|1
VLF|ACNER|1
VLIW|ACNER|1
VLPFC|ACNER|1
VLPMC|ACNER|1
VLSF|ACNER|1
VLSI|ACNER|1
VLVS|ACNER|1
VM|ACNER|1
VMASC|ACNER|1
VMF|ACNER|1
VMF|ACNER|1
VMN|ACNER|1
VN|ACNER|1
VND|ACNER|1
VNIR|ACNER|1
VNM|ACNER|1
VNS|ACNER|1
VOA|ACNER|1
vo|ACNER|1
VOC|ACNER|1
VOIP|ACNER|1
vol|ACNER|1
VOLT|ACNER|1
Volvo|ACNER|1
VON|ACNER|1
VOR|ACNER|1
VOR|ACNER|1
VOX|ACNER|1
VP|ACNER|1
VPN|ACNER|1
VQ|ACNER|1
VR|ACNER|1
VRSG|ACNER|1
VS|ACNER|1
VSAT|ACNER|1
VSHORAD|ACNER|1
VSO|ACNER|1
VSOP|ACNER|1
VSR|ACNER|1
VT|ACNER|1
VTC|ACNER|1
VTEC|ACNER|1
VTOL|ACNER|1
VU|ACNER|1
VUB|ACNER|1
VUT|ACNER|1
VUV|ACNER|1
VV|ACNER|1
VVAF|ACNER|1
VW|ACNER|1
VZ|ACNER|1
vzw|ACNER|1
W|ACNER|1
W3C|ACNER|1
wa|ACNER|1
WA|ACNER|1
WAAC|ACNER|1
WAAF|ACNER|1
WAC|ACNER|1
WACC|ACNER|1
WACS|ACNER|1
WAD|ACNER|1
WAGGGS|ACNER|1
WAGs|ACNER|1
WAK|ACNER|1
WAL|ACNER|1
WAN|ACNER|1
WAP|ACNER|1
WAPIMA|ACNER|1
WAR|ACNER|1
WAsP|ACNER|1
WASP|ACNER|1
WAYP|ACNER|1
Wb|ACNER|1
WB|ACNER|1
WBA|ACNER|1
WBC|ACNER|1
WBE|ACNER|1
WBO|ACNER|1
WC|ACNER|1
WCBO|ACNER|1
WCBP|ACNER|1
WCL|ACNER|1
WCS|ACNER|1
WCW|ACNER|1
WDC|ACNER|1
WDWR|ACNER|1
WDIN|ACNER|1
WEBS|ACNER|1
WEC|ACNER|1
WEEE|ACNER|1
WEF|ACNER|1
WEM|ACNER|1
WEU|ACNER|1
WEZ|ACNER|1
WF|ACNER|1
WFC|ACNER|1
WFD|ACNER|1
WFF|ACNER|1
WFP|ACNER|1
WFZ|ACNER|1
WFI|ACNER|1
WG|ACNER|1
WH|ACNER|1
WHAM|ACNER|1
WHI|ACNER|1
WHIP|ACNER|1
WHO|ACNER|1
WHS|ACNER|1
WI|ACNER|1
WIA|ACNER|1
WIIFM|ACNER|1
WIMP|ACNER|1
WIPO|ACNER|1
WIPP|ACNER|1
WIYN|ACNER|1
WK|ACNER|1
WKYP|ACNER|1
WL|ACNER|1
WLB|ACNER|1
WLF|ACNER|1
wln|ACNER|1
WLOG|ACNER|1
WM|ACNER|1
WMANUS|ACNER|1
WMD|ACNER|1
WMI|ACNER|1
WMO|ACNER|1
WNA|ACNER|1
WNF|ACNER|1
WNL|ACNER|1
WNIT|ACNER|1
WNSD|ACNER|1
WNW|ACNER|1
wo|ACNER|1
WO|ACNER|1
WOF|ACNER|1
WOFT|ACNER|1
WOFTAM|ACNER|1
WOI|ACNER|1
wol|ACNER|1
WOM|ACNER|1
WOS|ACNER|1
WOSM|ACNER|1
WOT|ACNER|1
WP|ACNER|1
WPB|ACNER|1
WPE|ACNER|1
WPK|ACNER|1
WPT|ACNER|1
WR|ACNER|1
WRAC|ACNER|1
WRAIR|ACNER|1
WRBWWRM|ACNER|1
WRC|ACNER|1
WRC|ACNER|1
WRNS|ACNER|1
WRVS|ACNER|1
WRS|ACNER|1
WRT|ACNER|1
WRT|ACNER|1
WWS|ACNER|1
WWV|ACNER|1
WWW|ACNER|1
WWWF|ACNER|1
WXO|ACNER|1
WY|ACNER|1
WYSIWYG|ACNER|1
WYSIWYP|ACNER|1
WZ|ACNER|1
XAF|ACNER|1
XAG|ACNER|1
XAU|ACNER|1
XBA|ACNER|1
XBB|ACNER|1
XBML|ACNER|1
XC|ACNER|1
XCBL|ACNER|1
XCD|ACNER|1
XD|ACNER|1
Xe|ACNER|1
XF|ACNER|1
XFA|ACNER|1
XFC|ACNER|1
XFD|ACNER|1
Xfe|ACNER|1
XFF|ACNER|1
XFG|ACNER|1
XFH|ACNER|1
XFN|ACNER|1
XFR|ACNER|1
XFT|ACNER|1
XFW|ACNER|1
XG|ACNER|1
XGA|ACNER|1
XGE|ACNER|1
XGG|ACNER|1
XGN|ACNER|1
XGP|ACNER|1
XGR|ACNER|1
xh|ACNER|1
xho|ACNER|1
XHTML|ACNER|1
XHR|ACNER|1
XI|ACNER|1
XII|ACNER|1
XIII|ACNER|1
XIV|ACNER|1
XIX|ACNER|1
XJ|ACNER|1
XJL|ACNER|1
XJS|ACNER|1
XK|ACNER|1
XKA|ACNER|1
XKB|ACNER|1
XKE|ACNER|1
XKH|ACNER|1
XKR|ACNER|1
XKS|ACNER|1
XKY|ACNER|1
XL|ACNER|1
XML|ACNER|1
XMSF|ACNER|1
XN|ACNER|1
XNA|ACNER|1
XNC|ACNER|1
XNN|ACNER|1
XNS|ACNER|1
XNU|ACNER|1
XO|ACNER|1
XOF|ACNER|1
XP|ACNER|1
XPD|ACNER|1
XPF|ACNER|1
XPT|ACNER|1
XQJ|ACNER|1
XQP|ACNER|1
XQU|ACNER|1
XRML|ACNER|1
XS|ACNER|1
XSL|ACNER|1
XTMH|ACNER|1
XUL|ACNER|1
XV|ACNER|1
XVI|ACNER|1
XVII|ACNER|1
XVIII|ACNER|1
XWB|ACNER|1
XWF|ACNER|1
XWM|ACNER|1
XWN|ACNER|1
XWS|ACNER|1
XX|ACNER|1
XXX|ACNER|1
XYA|ACNER|1
Xyl|ACNER|1
XZA|ACNER|1
XZN|ACNER|1
y|ACNER|1
Y|ACNER|1
Y2K|ACNER|1
yA|ACNER|1
Ya|ACNER|1
YA|ACNER|1
YAC|ACNER|1
YAFLA|ACNER|1
YAP|ACNER|1
YaBPr|ACNER|1
YABSLAG|ACNER|1
Yb|ACNER|1
YB|ACNER|1
yC|ACNER|1
YC|ACNER|1
YD|ACNER|1
YDS|ACNER|1
YE|ACNER|1
YEM|ACNER|1
YER|ACNER|1
yF|ACNER|1
YF|ACNER|1
yg|ACNER|1
Yg|ACNER|1
Ygo|ACNER|1
YGCO|ACNER|1
yH|ACNER|1
YH|ACNER|1
YHS|ACNER|1
YHBT|ACNER|1
YHIH1|ACNER|1
YHII|ACNER|1
yi|ACNER|1
Yi|ACNER|1
YI|ACNER|1
yid|ACNER|1
Yippie|ACNER|1
yJ|ACNER|1
YJ|ACNER|1
yK|ACNER|1
YK|ACNER|1
YKYFCW|ACNER|1
yL|ACNER|1
YL|ACNER|1
ym|ACNER|1
Ym|ACNER|1
YM|ACNER|1
YMCA|ACNER|1
YMD|ACNER|1
YMMD|ACNER|1
YMMV|ACNER|1
yN|ACNER|1
YN|ACNER|1
yo|ACNER|1
YO|ACNER|1
YOLO|ACNER|1
yor|ACNER|1
YPA|ACNER|1
YPG|ACNER|1
YPIO|ACNER|1
YPO|ACNER|1
ys|ACNER|1
yS|ACNER|1
Ys|ACNER|1
YS|ACNER|1
YSA|ACNER|1
YSI|ACNER|1
yT|ACNER|1
YT|ACNER|1
YTD|ACNER|1
YTM|ACNER|1
YTS|ACNER|1
YTT|ACNER|1
YU|ACNER|1
YUG|ACNER|1
Yuppie|ACNER|1
yV|ACNER|1
YV|ACNER|1
yW|ACNER|1
YW|ACNER|1
YWCA|ACNER|1
YWMV|ACNER|1
YYH|ACNER|1
za|ACNER|1
zA|ACNER|1
ZA|ACNER|1
ZAF|ACNER|1
ZAMS|ACNER|1
ZAR|ACNER|1
ZAS|ACNER|1
ZBT|ACNER|1
zC|ACNER|1
ZC|ACNER|1
ZCM|ACNER|1
ZCMK|ACNER|1
ZCU|ACNER|1